<annotation>
	<folder>imagen</folder>
	<filename>11.jpg</filename>
	<path>F:\TensorFlow-2\labelImg\imagen\11.jpg</path>
	<source>
		<database>Unknown</database>
	</source>
	<size>
		<width>262</width>
		<height>193</height>
		<depth>3</depth>
	</size>
	<segmented>0</segmented>
	<object>
		<name>tomateRojo</name>
		<pose>Unspecified</pose>
		<truncated>0</truncated>
		<difficult>0</difficult>
		<bndbox>
			<xmin>85</xmin>
			<ymin>92</ymin>
			<xmax>174</xmax>
			<ymax>170</ymax>
		</bndbox>
	</object>
</annotation>
