<annotation>
	<folder>imagen</folder>
	<filename>13.jpg</filename>
	<path>F:\TensorFlow-2\labelImg\imagen\13.jpg</path>
	<source>
		<database>Unknown</database>
	</source>
	<size>
		<width>300</width>
		<height>168</height>
		<depth>3</depth>
	</size>
	<segmented>0</segmented>
	<object>
		<name>tomateRojo</name>
		<pose>Unspecified</pose>
		<truncated>0</truncated>
		<difficult>0</difficult>
		<bndbox>
			<xmin>93</xmin>
			<ymin>9</ymin>
			<xmax>169</xmax>
			<ymax>80</ymax>
		</bndbox>
	</object>
</annotation>
