<annotation>
	<folder>imagen</folder>
	<filename>14.jpg</filename>
	<path>F:\TensorFlow-2\labelImg\imagen\14.jpg</path>
	<source>
		<database>Unknown</database>
	</source>
	<size>
		<width>275</width>
		<height>183</height>
		<depth>3</depth>
	</size>
	<segmented>0</segmented>
	<object>
		<name>tomateRojo</name>
		<pose>Unspecified</pose>
		<truncated>0</truncated>
		<difficult>0</difficult>
		<bndbox>
			<xmin>136</xmin>
			<ymin>69</ymin>
			<xmax>222</xmax>
			<ymax>147</ymax>
		</bndbox>
	</object>
</annotation>
