<annotation>
	<folder>imagen</folder>
	<filename>16.jpg</filename>
	<path>F:\TensorFlow-2\labelImg\imagen\16.jpg</path>
	<source>
		<database>Unknown</database>
	</source>
	<size>
		<width>259</width>
		<height>194</height>
		<depth>3</depth>
	</size>
	<segmented>0</segmented>
	<object>
		<name>tomateVerde</name>
		<pose>Unspecified</pose>
		<truncated>0</truncated>
		<difficult>0</difficult>
		<bndbox>
			<xmin>123</xmin>
			<ymin>102</ymin>
			<xmax>211</xmax>
			<ymax>185</ymax>
		</bndbox>
	</object>
</annotation>
