<annotation>
	<folder>imagen</folder>
	<filename>17.jpg</filename>
	<path>F:\TensorFlow-2\labelImg\imagen\17.jpg</path>
	<source>
		<database>Unknown</database>
	</source>
	<size>
		<width>278</width>
		<height>182</height>
		<depth>3</depth>
	</size>
	<segmented>0</segmented>
	<object>
		<name>tomateRojo</name>
		<pose>Unspecified</pose>
		<truncated>0</truncated>
		<difficult>0</difficult>
		<bndbox>
			<xmin>80</xmin>
			<ymin>87</ymin>
			<xmax>121</xmax>
			<ymax>123</ymax>
		</bndbox>
	</object>
</annotation>
