<annotation>
	<folder>imagen</folder>
	<filename>28.jpg</filename>
	<path>F:\TensorFlow-2\labelImg\imagen\28.jpg</path>
	<source>
		<database>Unknown</database>
	</source>
	<size>
		<width>311</width>
		<height>162</height>
		<depth>3</depth>
	</size>
	<segmented>0</segmented>
	<object>
		<name>tomateVerde</name>
		<pose>Unspecified</pose>
		<truncated>1</truncated>
		<difficult>0</difficult>
		<bndbox>
			<xmin>62</xmin>
			<ymin>29</ymin>
			<xmax>227</xmax>
			<ymax>162</ymax>
		</bndbox>
	</object>
</annotation>
