<annotation>
	<folder>imagen</folder>
	<filename>3.jpg</filename>
	<path>F:\TensorFlow-2\labelImg\imagen\3.jpg</path>
	<source>
		<database>Unknown</database>
	</source>
	<size>
		<width>259</width>
		<height>194</height>
		<depth>3</depth>
	</size>
	<segmented>0</segmented>
	<object>
		<name>tomateRojo</name>
		<pose>Unspecified</pose>
		<truncated>0</truncated>
		<difficult>0</difficult>
		<bndbox>
			<xmin>82</xmin>
			<ymin>60</ymin>
			<xmax>222</xmax>
			<ymax>178</ymax>
		</bndbox>
	</object>
</annotation>
