<annotation>
	<folder>imagen</folder>
	<filename>30.jpg</filename>
	<path>F:\TensorFlow-2\labelImg\imagen\30.jpg</path>
	<source>
		<database>Unknown</database>
	</source>
	<size>
		<width>275</width>
		<height>183</height>
		<depth>3</depth>
	</size>
	<segmented>0</segmented>
	<object>
		<name>tomateVerde</name>
		<pose>Unspecified</pose>
		<truncated>0</truncated>
		<difficult>0</difficult>
		<bndbox>
			<xmin>90</xmin>
			<ymin>52</ymin>
			<xmax>153</xmax>
			<ymax>118</ymax>
		</bndbox>
	</object>
</annotation>
