<annotation>
	<folder>imagen</folder>
	<filename>32.jpg</filename>
	<path>F:\TensorFlow-2\labelImg\imagen\32.jpg</path>
	<source>
		<database>Unknown</database>
	</source>
	<size>
		<width>225</width>
		<height>225</height>
		<depth>3</depth>
	</size>
	<segmented>0</segmented>
	<object>
		<name>hoja</name>
		<pose>Unspecified</pose>
		<truncated>0</truncated>
		<difficult>0</difficult>
		<bndbox>
			<xmin>13</xmin>
			<ymin>5</ymin>
			<xmax>214</xmax>
			<ymax>215</ymax>
		</bndbox>
	</object>
</annotation>
