<annotation>
	<folder>imagen</folder>
	<filename>35.jpg</filename>
	<path>F:\TensorFlow-2\labelImg\imagen\35.jpg</path>
	<source>
		<database>Unknown</database>
	</source>
	<size>
		<width>260</width>
		<height>194</height>
		<depth>3</depth>
	</size>
	<segmented>0</segmented>
	<object>
		<name>hoja</name>
		<pose>Unspecified</pose>
		<truncated>1</truncated>
		<difficult>0</difficult>
		<bndbox>
			<xmin>96</xmin>
			<ymin>68</ymin>
			<xmax>214</xmax>
			<ymax>194</ymax>
		</bndbox>
	</object>
</annotation>
