<annotation>
	<folder>imagen</folder>
	<filename>39.jpg</filename>
	<path>F:\TensorFlow-2\labelImg\imagen\39.jpg</path>
	<source>
		<database>Unknown</database>
	</source>
	<size>
		<width>295</width>
		<height>171</height>
		<depth>3</depth>
	</size>
	<segmented>0</segmented>
	<object>
		<name>hoja</name>
		<pose>Unspecified</pose>
		<truncated>0</truncated>
		<difficult>0</difficult>
		<bndbox>
			<xmin>50</xmin>
			<ymin>72</ymin>
			<xmax>151</xmax>
			<ymax>162</ymax>
		</bndbox>
	</object>
</annotation>
