<annotation>
	<folder>imagen</folder>
	<filename>40.jpg</filename>
	<path>F:\TensorFlow-2\labelImg\imagen\40.jpg</path>
	<source>
		<database>Unknown</database>
	</source>
	<size>
		<width>266</width>
		<height>190</height>
		<depth>3</depth>
	</size>
	<segmented>0</segmented>
	<object>
		<name>hoja</name>
		<pose>Unspecified</pose>
		<truncated>0</truncated>
		<difficult>0</difficult>
		<bndbox>
			<xmin>11</xmin>
			<ymin>6</ymin>
			<xmax>260</xmax>
			<ymax>180</ymax>
		</bndbox>
	</object>
</annotation>
