<annotation>
	<folder>imagen</folder>
	<filename>41.jpg</filename>
	<path>F:\TensorFlow-2\labelImg\imagen\41.jpg</path>
	<source>
		<database>Unknown</database>
	</source>
	<size>
		<width>271</width>
		<height>186</height>
		<depth>3</depth>
	</size>
	<segmented>0</segmented>
	<object>
		<name>tomateRojo</name>
		<pose>Unspecified</pose>
		<truncated>0</truncated>
		<difficult>0</difficult>
		<bndbox>
			<xmin>43</xmin>
			<ymin>20</ymin>
			<xmax>144</xmax>
			<ymax>108</ymax>
		</bndbox>
	</object>
</annotation>
