<annotation>
	<folder>imagen</folder>
	<filename>42.jpg</filename>
	<path>F:\TensorFlow-2\labelImg\imagen\42.jpg</path>
	<source>
		<database>Unknown</database>
	</source>
	<size>
		<width>300</width>
		<height>168</height>
		<depth>3</depth>
	</size>
	<segmented>0</segmented>
	<object>
		<name>tomateVerde</name>
		<pose>Unspecified</pose>
		<truncated>0</truncated>
		<difficult>0</difficult>
		<bndbox>
			<xmin>177</xmin>
			<ymin>74</ymin>
			<xmax>265</xmax>
			<ymax>157</ymax>
		</bndbox>
	</object>
</annotation>
