<annotation>
	<folder>imagen</folder>
	<filename>45.jpg</filename>
	<path>F:\TensorFlow-2\labelImg\imagen\45.jpg</path>
	<source>
		<database>Unknown</database>
	</source>
	<size>
		<width>280</width>
		<height>180</height>
		<depth>3</depth>
	</size>
	<segmented>0</segmented>
	<object>
		<name>hoja</name>
		<pose>Unspecified</pose>
		<truncated>0</truncated>
		<difficult>0</difficult>
		<bndbox>
			<xmin>146</xmin>
			<ymin>16</ymin>
			<xmax>274</xmax>
			<ymax>151</ymax>
		</bndbox>
	</object>
</annotation>
