<annotation>
	<folder>imagen</folder>
	<filename>47.jpg</filename>
	<path>F:\TensorFlow-2\labelImg\imagen\47.jpg</path>
	<source>
		<database>Unknown</database>
	</source>
	<size>
		<width>299</width>
		<height>168</height>
		<depth>3</depth>
	</size>
	<segmented>0</segmented>
	<object>
		<name>tomateRojo</name>
		<pose>Unspecified</pose>
		<truncated>0</truncated>
		<difficult>0</difficult>
		<bndbox>
			<xmin>152</xmin>
			<ymin>71</ymin>
			<xmax>233</xmax>
			<ymax>136</ymax>
		</bndbox>
	</object>
</annotation>
