<annotation>
	<folder>imagen</folder>
	<filename>48.jpg</filename>
	<path>F:\TensorFlow-2\labelImg\imagen\48.jpg</path>
	<source>
		<database>Unknown</database>
	</source>
	<size>
		<width>269</width>
		<height>187</height>
		<depth>3</depth>
	</size>
	<segmented>0</segmented>
	<object>
		<name>tomateRojo</name>
		<pose>Unspecified</pose>
		<truncated>0</truncated>
		<difficult>0</difficult>
		<bndbox>
			<xmin>85</xmin>
			<ymin>29</ymin>
			<xmax>151</xmax>
			<ymax>88</ymax>
		</bndbox>
	</object>
</annotation>
