<annotation>
	<folder>imagen</folder>
	<filename>49.jpg</filename>
	<path>F:\TensorFlow-2\labelImg\imagen\49.jpg</path>
	<source>
		<database>Unknown</database>
	</source>
	<size>
		<width>183</width>
		<height>275</height>
		<depth>3</depth>
	</size>
	<segmented>0</segmented>
	<object>
		<name>tomateRojo</name>
		<pose>Unspecified</pose>
		<truncated>0</truncated>
		<difficult>0</difficult>
		<bndbox>
			<xmin>42</xmin>
			<ymin>17</ymin>
			<xmax>108</xmax>
			<ymax>73</ymax>
		</bndbox>
	</object>
	<object>
		<name>tomateRojo</name>
		<pose>Unspecified</pose>
		<truncated>0</truncated>
		<difficult>0</difficult>
		<bndbox>
			<xmin>22</xmin>
			<ymin>79</ymin>
			<xmax>86</xmax>
			<ymax>128</ymax>
		</bndbox>
	</object>
	<object>
		<name>tomateRojo</name>
		<pose>Unspecified</pose>
		<truncated>0</truncated>
		<difficult>0</difficult>
		<bndbox>
			<xmin>33</xmin>
			<ymin>132</ymin>
			<xmax>99</xmax>
			<ymax>185</ymax>
		</bndbox>
	</object>
	<object>
		<name>tomateRojo</name>
		<pose>Unspecified</pose>
		<truncated>0</truncated>
		<difficult>0</difficult>
		<bndbox>
			<xmin>101</xmin>
			<ymin>93</ymin>
			<xmax>162</xmax>
			<ymax>151</ymax>
		</bndbox>
	</object>
</annotation>
