<annotation>
	<folder>imagen</folder>
	<filename>50.jpg</filename>
	<path>F:\TensorFlow-2\labelImg\imagen\50.jpg</path>
	<source>
		<database>Unknown</database>
	</source>
	<size>
		<width>189</width>
		<height>266</height>
		<depth>3</depth>
	</size>
	<segmented>0</segmented>
	<object>
		<name>hoja</name>
		<pose>Unspecified</pose>
		<truncated>0</truncated>
		<difficult>0</difficult>
		<bndbox>
			<xmin>35</xmin>
			<ymin>14</ymin>
			<xmax>93</xmax>
			<ymax>68</ymax>
		</bndbox>
	</object>
</annotation>
