<annotation>
	<folder>imagen</folder>
	<filename>51.jpg</filename>
	<path>F:\TensorFlow-2\labelImg\imagen\51.jpg</path>
	<source>
		<database>Unknown</database>
	</source>
	<size>
		<width>267</width>
		<height>189</height>
		<depth>3</depth>
	</size>
	<segmented>0</segmented>
	<object>
		<name>tomateRojo</name>
		<pose>Unspecified</pose>
		<truncated>0</truncated>
		<difficult>0</difficult>
		<bndbox>
			<xmin>100</xmin>
			<ymin>105</ymin>
			<xmax>174</xmax>
			<ymax>171</ymax>
		</bndbox>
	</object>
</annotation>
