<annotation>
	<folder>imagen</folder>
	<filename>52.jpg</filename>
	<path>F:\TensorFlow-2\labelImg\imagen\52.jpg</path>
	<source>
		<database>Unknown</database>
	</source>
	<size>
		<width>197</width>
		<height>256</height>
		<depth>3</depth>
	</size>
	<segmented>0</segmented>
	<object>
		<name>tomateRojo</name>
		<pose>Unspecified</pose>
		<truncated>0</truncated>
		<difficult>0</difficult>
		<bndbox>
			<xmin>74</xmin>
			<ymin>145</ymin>
			<xmax>143</xmax>
			<ymax>205</ymax>
		</bndbox>
	</object>
	<object>
		<name>tomateRojo</name>
		<pose>Unspecified</pose>
		<truncated>0</truncated>
		<difficult>0</difficult>
		<bndbox>
			<xmin>6</xmin>
			<ymin>97</ymin>
			<xmax>75</xmax>
			<ymax>168</ymax>
		</bndbox>
	</object>
	<object>
		<name>tomateRojo</name>
		<pose>Unspecified</pose>
		<truncated>0</truncated>
		<difficult>0</difficult>
		<bndbox>
			<xmin>6</xmin>
			<ymin>157</ymin>
			<xmax>80</xmax>
			<ymax>212</ymax>
		</bndbox>
	</object>
</annotation>
