<annotation>
	<folder>imagen</folder>
	<filename>53.jpg</filename>
	<path>F:\TensorFlow-2\labelImg\imagen\53.jpg</path>
	<source>
		<database>Unknown</database>
	</source>
	<size>
		<width>299</width>
		<height>168</height>
		<depth>3</depth>
	</size>
	<segmented>0</segmented>
	<object>
		<name>tomateVerde</name>
		<pose>Unspecified</pose>
		<truncated>0</truncated>
		<difficult>0</difficult>
		<bndbox>
			<xmin>10</xmin>
			<ymin>4</ymin>
			<xmax>111</xmax>
			<ymax>92</ymax>
		</bndbox>
	</object>
</annotation>
