<annotation>
	<folder>imagen</folder>
	<filename>55.jpg</filename>
	<path>F:\TensorFlow-2\labelImg\imagen\55.jpg</path>
	<source>
		<database>Unknown</database>
	</source>
	<size>
		<width>300</width>
		<height>168</height>
		<depth>3</depth>
	</size>
	<segmented>0</segmented>
	<object>
		<name>tomateRojo</name>
		<pose>Unspecified</pose>
		<truncated>0</truncated>
		<difficult>0</difficult>
		<bndbox>
			<xmin>120</xmin>
			<ymin>82</ymin>
			<xmax>179</xmax>
			<ymax>136</ymax>
		</bndbox>
	</object>
	<object>
		<name>tomateVerde</name>
		<pose>Unspecified</pose>
		<truncated>0</truncated>
		<difficult>0</difficult>
		<bndbox>
			<xmin>87</xmin>
			<ymin>48</ymin>
			<xmax>128</xmax>
			<ymax>87</ymax>
		</bndbox>
	</object>
	<object>
		<name>tomateVerde</name>
		<pose>Unspecified</pose>
		<truncated>0</truncated>
		<difficult>0</difficult>
		<bndbox>
			<xmin>55</xmin>
			<ymin>43</ymin>
			<xmax>88</xmax>
			<ymax>90</ymax>
		</bndbox>
	</object>
</annotation>
