<annotation>
	<folder>imagen</folder>
	<filename>56.jpg</filename>
	<path>F:\TensorFlow-2\labelImg\imagen\56.jpg</path>
	<source>
		<database>Unknown</database>
	</source>
	<size>
		<width>194</width>
		<height>259</height>
		<depth>3</depth>
	</size>
	<segmented>0</segmented>
	<object>
		<name>tomateRojo</name>
		<pose>Unspecified</pose>
		<truncated>0</truncated>
		<difficult>0</difficult>
		<bndbox>
			<xmin>59</xmin>
			<ymin>143</ymin>
			<xmax>111</xmax>
			<ymax>183</ymax>
		</bndbox>
	</object>
	<object>
		<name>tomateVerde</name>
		<pose>Unspecified</pose>
		<truncated>0</truncated>
		<difficult>0</difficult>
		<bndbox>
			<xmin>33</xmin>
			<ymin>51</ymin>
			<xmax>69</xmax>
			<ymax>80</ymax>
		</bndbox>
	</object>
	<object>
		<name>tomateVerde</name>
		<pose>Unspecified</pose>
		<truncated>0</truncated>
		<difficult>0</difficult>
		<bndbox>
			<xmin>20</xmin>
			<ymin>139</ymin>
			<xmax>55</xmax>
			<ymax>169</ymax>
		</bndbox>
	</object>
</annotation>
