<annotation>
	<folder>imagen</folder>
	<filename>59.jpg</filename>
	<path>F:\TensorFlow-2\labelImg\imagen\59.jpg</path>
	<source>
		<database>Unknown</database>
	</source>
	<size>
		<width>260</width>
		<height>194</height>
		<depth>3</depth>
	</size>
	<segmented>0</segmented>
	<object>
		<name>tomateRojo</name>
		<pose>Unspecified</pose>
		<truncated>0</truncated>
		<difficult>0</difficult>
		<bndbox>
			<xmin>121</xmin>
			<ymin>107</ymin>
			<xmax>201</xmax>
			<ymax>190</ymax>
		</bndbox>
	</object>
	<object>
		<name>tomateRojo</name>
		<pose>Unspecified</pose>
		<truncated>0</truncated>
		<difficult>0</difficult>
		<bndbox>
			<xmin>165</xmin>
			<ymin>16</ymin>
			<xmax>237</xmax>
			<ymax>89</ymax>
		</bndbox>
	</object>
</annotation>
