<annotation>
	<folder>imagen</folder>
	<filename>6.jpg</filename>
	<path>F:\TensorFlow-2\labelImg\imagen\6.jpg</path>
	<source>
		<database>Unknown</database>
	</source>
	<size>
		<width>290</width>
		<height>174</height>
		<depth>3</depth>
	</size>
	<segmented>0</segmented>
	<object>
		<name>tomateRojo</name>
		<pose>Unspecified</pose>
		<truncated>1</truncated>
		<difficult>0</difficult>
		<bndbox>
			<xmin>243</xmin>
			<ymin>95</ymin>
			<xmax>290</xmax>
			<ymax>141</ymax>
		</bndbox>
	</object>
</annotation>
