<annotation>
	<folder>imagen</folder>
	<filename>60.jpg</filename>
	<path>F:\TensorFlow-2\labelImg\imagen\60.jpg</path>
	<source>
		<database>Unknown</database>
	</source>
	<size>
		<width>275</width>
		<height>183</height>
		<depth>3</depth>
	</size>
	<segmented>0</segmented>
	<object>
		<name>tomateRojo</name>
		<pose>Unspecified</pose>
		<truncated>0</truncated>
		<difficult>0</difficult>
		<bndbox>
			<xmin>86</xmin>
			<ymin>21</ymin>
			<xmax>176</xmax>
			<ymax>99</ymax>
		</bndbox>
	</object>
	<object>
		<name>tomateRojo</name>
		<pose>Unspecified</pose>
		<truncated>0</truncated>
		<difficult>0</difficult>
		<bndbox>
			<xmin>130</xmin>
			<ymin>95</ymin>
			<xmax>210</xmax>
			<ymax>167</ymax>
		</bndbox>
	</object>
	<object>
		<name>tomateRojo</name>
		<pose>Unspecified</pose>
		<truncated>0</truncated>
		<difficult>0</difficult>
		<bndbox>
			<xmin>81</xmin>
			<ymin>90</ymin>
			<xmax>158</xmax>
			<ymax>163</ymax>
		</bndbox>
	</object>
</annotation>
