<annotation>
	<folder>imagen</folder>
	<filename>64.jpg</filename>
	<path>F:\TensorFlow-2\labelImg\imagen\64.jpg</path>
	<source>
		<database>Unknown</database>
	</source>
	<size>
		<width>265</width>
		<height>190</height>
		<depth>3</depth>
	</size>
	<segmented>0</segmented>
	<object>
		<name>tomateRojo</name>
		<pose>Unspecified</pose>
		<truncated>0</truncated>
		<difficult>0</difficult>
		<bndbox>
			<xmin>93</xmin>
			<ymin>18</ymin>
			<xmax>166</xmax>
			<ymax>90</ymax>
		</bndbox>
	</object>
	<object>
		<name>tomateRojo</name>
		<pose>Unspecified</pose>
		<truncated>0</truncated>
		<difficult>0</difficult>
		<bndbox>
			<xmin>159</xmin>
			<ymin>29</ymin>
			<xmax>222</xmax>
			<ymax>96</ymax>
		</bndbox>
	</object>
	<object>
		<name>tomateRojo</name>
		<pose>Unspecified</pose>
		<truncated>0</truncated>
		<difficult>0</difficult>
		<bndbox>
			<xmin>114</xmin>
			<ymin>96</ymin>
			<xmax>180</xmax>
			<ymax>155</ymax>
		</bndbox>
	</object>
	<object>
		<name>tomateRojo</name>
		<pose>Unspecified</pose>
		<truncated>0</truncated>
		<difficult>0</difficult>
		<bndbox>
			<xmin>71</xmin>
			<ymin>118</ymin>
			<xmax>137</xmax>
			<ymax>180</ymax>
		</bndbox>
	</object>
	<object>
		<name>tomateRojo</name>
		<pose>Unspecified</pose>
		<truncated>0</truncated>
		<difficult>0</difficult>
		<bndbox>
			<xmin>33</xmin>
			<ymin>35</ymin>
			<xmax>104</xmax>
			<ymax>95</ymax>
		</bndbox>
	</object>
	<object>
		<name>hoja</name>
		<pose>Unspecified</pose>
		<truncated>1</truncated>
		<difficult>0</difficult>
		<bndbox>
			<xmin>215</xmin>
			<ymin>4</ymin>
			<xmax>265</xmax>
			<ymax>64</ymax>
		</bndbox>
	</object>
</annotation>
