<annotation>
	<folder>imagen</folder>
	<filename>65.jpg</filename>
	<path>F:\TensorFlow-2\labelImg\imagen\65.jpg</path>
	<source>
		<database>Unknown</database>
	</source>
	<size>
		<width>318</width>
		<height>159</height>
		<depth>3</depth>
	</size>
	<segmented>0</segmented>
	<object>
		<name>tomateRojo</name>
		<pose>Unspecified</pose>
		<truncated>0</truncated>
		<difficult>0</difficult>
		<bndbox>
			<xmin>70</xmin>
			<ymin>40</ymin>
			<xmax>137</xmax>
			<ymax>114</ymax>
		</bndbox>
	</object>
	<object>
		<name>tomateRojo</name>
		<pose>Unspecified</pose>
		<truncated>0</truncated>
		<difficult>0</difficult>
		<bndbox>
			<xmin>34</xmin>
			<ymin>2</ymin>
			<xmax>115</xmax>
			<ymax>75</ymax>
		</bndbox>
	</object>
</annotation>
