<annotation>
	<folder>imagen</folder>
	<filename>66.jpg</filename>
	<path>F:\TensorFlow-2\labelImg\imagen\66.jpg</path>
	<source>
		<database>Unknown</database>
	</source>
	<size>
		<width>275</width>
		<height>183</height>
		<depth>3</depth>
	</size>
	<segmented>0</segmented>
	<object>
		<name>tomateVerde</name>
		<pose>Unspecified</pose>
		<truncated>0</truncated>
		<difficult>0</difficult>
		<bndbox>
			<xmin>29</xmin>
			<ymin>65</ymin>
			<xmax>159</xmax>
			<ymax>172</ymax>
		</bndbox>
	</object>
</annotation>
