<annotation>
	<folder>imagen</folder>
	<filename>67.jpg</filename>
	<path>F:\TensorFlow-2\labelImg\imagen\67.jpg</path>
	<source>
		<database>Unknown</database>
	</source>
	<size>
		<width>260</width>
		<height>194</height>
		<depth>3</depth>
	</size>
	<segmented>0</segmented>
	<object>
		<name>tomateRojo</name>
		<pose>Unspecified</pose>
		<truncated>0</truncated>
		<difficult>0</difficult>
		<bndbox>
			<xmin>130</xmin>
			<ymin>48</ymin>
			<xmax>191</xmax>
			<ymax>102</ymax>
		</bndbox>
	</object>
	<object>
		<name>tomateVerde</name>
		<pose>Unspecified</pose>
		<truncated>0</truncated>
		<difficult>0</difficult>
		<bndbox>
			<xmin>118</xmin>
			<ymin>93</ymin>
			<xmax>166</xmax>
			<ymax>133</ymax>
		</bndbox>
	</object>
	<object>
		<name>hoja</name>
		<pose>Unspecified</pose>
		<truncated>0</truncated>
		<difficult>0</difficult>
		<bndbox>
			<xmin>163</xmin>
			<ymin>4</ymin>
			<xmax>220</xmax>
			<ymax>81</ymax>
		</bndbox>
	</object>
</annotation>
