<annotation>
	<folder>imagen</folder>
	<filename>69.jpg</filename>
	<path>F:\TensorFlow-2\labelImg\imagen\69.jpg</path>
	<source>
		<database>Unknown</database>
	</source>
	<size>
		<width>298</width>
		<height>169</height>
		<depth>3</depth>
	</size>
	<segmented>0</segmented>
	<object>
		<name>tomateVerde</name>
		<pose>Unspecified</pose>
		<truncated>0</truncated>
		<difficult>0</difficult>
		<bndbox>
			<xmin>146</xmin>
			<ymin>70</ymin>
			<xmax>259</xmax>
			<ymax>164</ymax>
		</bndbox>
	</object>
	<object>
		<name>tomateRojo</name>
		<pose>Unspecified</pose>
		<truncated>0</truncated>
		<difficult>0</difficult>
		<bndbox>
			<xmin>78</xmin>
			<ymin>28</ymin>
			<xmax>172</xmax>
			<ymax>121</ymax>
		</bndbox>
	</object>
</annotation>
