<annotation>
	<folder>imagen</folder>
	<filename>7.jpg</filename>
	<path>F:\TensorFlow-2\labelImg\imagen\7.jpg</path>
	<source>
		<database>Unknown</database>
	</source>
	<size>
		<width>288</width>
		<height>175</height>
		<depth>3</depth>
	</size>
	<segmented>0</segmented>
	<object>
		<name>tomateRojo</name>
		<pose>Unspecified</pose>
		<truncated>0</truncated>
		<difficult>0</difficult>
		<bndbox>
			<xmin>25</xmin>
			<ymin>75</ymin>
			<xmax>138</xmax>
			<ymax>163</ymax>
		</bndbox>
	</object>
</annotation>
