<annotation>
	<folder>imagen</folder>
	<filename>71.jpg</filename>
	<path>F:\TensorFlow-2\labelImg\imagen\71.jpg</path>
	<source>
		<database>Unknown</database>
	</source>
	<size>
		<width>277</width>
		<height>182</height>
		<depth>3</depth>
	</size>
	<segmented>0</segmented>
	<object>
		<name>hoja</name>
		<pose>Unspecified</pose>
		<truncated>0</truncated>
		<difficult>0</difficult>
		<bndbox>
			<xmin>162</xmin>
			<ymin>35</ymin>
			<xmax>266</xmax>
			<ymax>167</ymax>
		</bndbox>
	</object>
</annotation>
