<annotation>
	<folder>imagen</folder>
	<filename>72.jpg</filename>
	<path>F:\TensorFlow-2\labelImg\imagen\72.jpg</path>
	<source>
		<database>Unknown</database>
	</source>
	<size>
		<width>183</width>
		<height>275</height>
		<depth>3</depth>
	</size>
	<segmented>0</segmented>
	<object>
		<name>tomateVerde</name>
		<pose>Unspecified</pose>
		<truncated>0</truncated>
		<difficult>0</difficult>
		<bndbox>
			<xmin>45</xmin>
			<ymin>121</ymin>
			<xmax>148</xmax>
			<ymax>229</ymax>
		</bndbox>
	</object>
</annotation>
