<annotation>
	<folder>imagen</folder>
	<filename>77.jpg</filename>
	<path>F:\TensorFlow-2\labelImg\imagen\77.jpg</path>
	<source>
		<database>Unknown</database>
	</source>
	<size>
		<width>259</width>
		<height>194</height>
		<depth>3</depth>
	</size>
	<segmented>0</segmented>
	<object>
		<name>tomateVerde</name>
		<pose>Unspecified</pose>
		<truncated>0</truncated>
		<difficult>0</difficult>
		<bndbox>
			<xmin>26</xmin>
			<ymin>74</ymin>
			<xmax>160</xmax>
			<ymax>184</ymax>
		</bndbox>
	</object>
</annotation>
