<annotation>
	<folder>imagen</folder>
	<filename>81.jpg</filename>
	<path>F:\TensorFlow-2\labelImg\imagen\81.jpg</path>
	<source>
		<database>Unknown</database>
	</source>
	<size>
		<width>284</width>
		<height>177</height>
		<depth>3</depth>
	</size>
	<segmented>0</segmented>
	<object>
		<name>tomateVerde</name>
		<pose>Unspecified</pose>
		<truncated>0</truncated>
		<difficult>0</difficult>
		<bndbox>
			<xmin>106</xmin>
			<ymin>31</ymin>
			<xmax>193</xmax>
			<ymax>118</ymax>
		</bndbox>
	</object>
	<object>
		<name>tomateVerde</name>
		<pose>Unspecified</pose>
		<truncated>0</truncated>
		<difficult>0</difficult>
		<bndbox>
			<xmin>38</xmin>
			<ymin>69</ymin>
			<xmax>132</xmax>
			<ymax>143</ymax>
		</bndbox>
	</object>
</annotation>
