<annotation>
	<folder>imagen</folder>
	<filename>82.jpg</filename>
	<path>F:\TensorFlow-2\labelImg\imagen\82.jpg</path>
	<source>
		<database>Unknown</database>
	</source>
	<size>
		<width>194</width>
		<height>259</height>
		<depth>3</depth>
	</size>
	<segmented>0</segmented>
	<object>
		<name>tomateVerde</name>
		<pose>Unspecified</pose>
		<truncated>1</truncated>
		<difficult>0</difficult>
		<bndbox>
			<xmin>98</xmin>
			<ymin>180</ymin>
			<xmax>189</xmax>
			<ymax>259</ymax>
		</bndbox>
	</object>
	<object>
		<name>tomateRojo</name>
		<pose>Unspecified</pose>
		<truncated>0</truncated>
		<difficult>0</difficult>
		<bndbox>
			<xmin>19</xmin>
			<ymin>18</ymin>
			<xmax>114</xmax>
			<ymax>134</ymax>
		</bndbox>
	</object>
</annotation>
