<annotation>
	<folder>imagen</folder>
	<filename>9.jpg</filename>
	<path>F:\TensorFlow-2\labelImg\imagen\9.jpg</path>
	<source>
		<database>Unknown</database>
	</source>
	<size>
		<width>275</width>
		<height>183</height>
		<depth>3</depth>
	</size>
	<segmented>0</segmented>
	<object>
		<name>tomateRojo</name>
		<pose>Unspecified</pose>
		<truncated>0</truncated>
		<difficult>0</difficult>
		<bndbox>
			<xmin>176</xmin>
			<ymin>46</ymin>
			<xmax>262</xmax>
			<ymax>129</ymax>
		</bndbox>
	</object>
</annotation>
